function,module,link,has_spec,has_proof
fmt,curve25519_dalek::build,https://github.com/Beneficial-AI-Foundation/dalek-lite/blob/main/curve25519-dalek/build.rs#L14,,
is_capable_simd,curve25519_dalek::build,https://github.com/Beneficial-AI-Foundation/dalek-lite/blob/main/curve25519-dalek/build.rs#L76,,
determine_curve25519_dalek_bits_warning,curve25519_dalek::build,https://github.com/Beneficial-AI-Foundation/dalek-lite/blob/main/curve25519-dalek/build.rs#L93,,
determine_curve25519_dalek_bits,curve25519_dalek::build,https://github.com/Beneficial-AI-Foundation/dalek-lite/blob/main/curve25519-dalek/build.rs#L98,,
get_selected_backend,curve25519_dalek::backend,https://github.com/Beneficial-AI-Foundation/dalek-lite/blob/main/curve25519-dalek/src/backend/mod.rs#L53,,
pippenger_optional_multiscalar_mul,curve25519_dalek::backend,https://github.com/Beneficial-AI-Foundation/dalek-lite/blob/main/curve25519-dalek/src/backend/mod.rs#L77,,
VartimePrecomputedStraus::straus_multiscalar_mul,curve25519_dalek::backend,https://github.com/Beneficial-AI-Foundation/dalek-lite/blob/main/curve25519-dalek/src/backend/mod.rs#L174,,
VartimePrecomputedStraus::straus_optional_multiscalar_mul,curve25519_dalek::backend,https://github.com/Beneficial-AI-Foundation/dalek-lite/blob/main/curve25519-dalek/src/backend/mod.rs#L202,,
VartimePrecomputedStraus::variable_base_mul,curve25519_dalek::backend,https://github.com/Beneficial-AI-Foundation/dalek-lite/blob/main/curve25519-dalek/src/backend/mod.rs#L231,,
VartimePrecomputedStraus::vartime_double_base_mul,curve25519_dalek::backend,https://github.com/Beneficial-AI-Foundation/dalek-lite/blob/main/curve25519-dalek/src/backend/mod.rs#L245,,
ProjectivePoint::identity,curve25519_dalek::backend::serial::curve_models,https://github.com/Beneficial-AI-Foundation/dalek-lite/blob/main/curve25519-dalek/src/backend/serial/curve_models/mod.rs#L238,yes,yes
ProjectiveNielsPoint::default,curve25519_dalek::backend::serial::curve_models,https://github.com/Beneficial-AI-Foundation/dalek-lite/blob/main/curve25519-dalek/src/backend/serial/curve_models/mod.rs#L261,yes,yes
ProjectiveNielsPoint::conditional_select,curve25519_dalek::backend::serial::curve_models,https://github.com/Beneficial-AI-Foundation/dalek-lite/blob/main/curve25519-dalek/src/backend/serial/curve_models/mod.rs#L361,,
ProjectivePoint::as_extended,curve25519_dalek::backend::serial::curve_models,https://github.com/Beneficial-AI-Foundation/dalek-lite/blob/main/curve25519-dalek/src/backend/serial/curve_models/mod.rs#L405,yes,
CompletedPoint::as_projective,curve25519_dalek::backend::serial::curve_models,https://github.com/Beneficial-AI-Foundation/dalek-lite/blob/main/curve25519-dalek/src/backend/serial/curve_models/mod.rs#L438,yes,
ProjectivePoint::double,curve25519_dalek::backend::serial::curve_models,https://github.com/Beneficial-AI-Foundation/dalek-lite/blob/main/curve25519-dalek/src/backend/serial/curve_models/mod.rs#L505,yes,
EdwardsPoint::add,curve25519_dalek::backend::serial::curve_models,https://github.com/Beneficial-AI-Foundation/dalek-lite/blob/main/curve25519-dalek/src/backend/serial/curve_models/mod.rs#L605,yes,
EdwardsPoint::sub,curve25519_dalek::backend::serial::curve_models,https://github.com/Beneficial-AI-Foundation/dalek-lite/blob/main/curve25519-dalek/src/backend/serial/curve_models/mod.rs#L683,,
ProjectiveNielsPoint::neg,curve25519_dalek::backend::serial::curve_models,https://github.com/Beneficial-AI-Foundation/dalek-lite/blob/main/curve25519-dalek/src/backend/serial/curve_models/mod.rs#L822,,
Pippenger::optional_multiscalar_mul,curve25519_dalek::backend::serial::scalar_mul::pippenger,https://github.com/Beneficial-AI-Foundation/dalek-lite/blob/main/curve25519-dalek/src/backend/serial/scalar_mul/pippenger.rs#L65,,
Straus::multiscalar_mul,curve25519_dalek::backend::serial::scalar_mul::straus,https://github.com/Beneficial-AI-Foundation/dalek-lite/blob/main/curve25519-dalek/src/backend/serial/scalar_mul/straus.rs#L101,,
Straus::optional_multiscalar_mul,curve25519_dalek::backend::serial::scalar_mul::straus,https://github.com/Beneficial-AI-Foundation/dalek-lite/blob/main/curve25519-dalek/src/backend/serial/scalar_mul/straus.rs#L157,,
mul,curve25519_dalek::backend::serial::scalar_mul::variable_base,https://github.com/Beneficial-AI-Foundation/dalek-lite/blob/main/curve25519-dalek/src/backend/serial/scalar_mul/variable_base.rs#L11,,
mul,curve25519_dalek::backend::serial::scalar_mul::vartime_double_base,https://github.com/Beneficial-AI-Foundation/dalek-lite/blob/main/curve25519-dalek/src/backend/serial/scalar_mul/vartime_double_base.rs#L23,,
FieldElement51::fmt,curve25519_dalek::backend::serial::u64::field,https://github.com/Beneficial-AI-Foundation/dalek-lite/blob/main/curve25519-dalek/src/backend/serial/u64/field.rs#L115,ext,
FieldElement51::add_assign,curve25519_dalek::backend::serial::u64::field,https://github.com/Beneficial-AI-Foundation/dalek-lite/blob/main/curve25519-dalek/src/backend/serial/u64/field.rs#L168,yes,yes
FieldElement51::add,curve25519_dalek::backend::serial::u64::field,https://github.com/Beneficial-AI-Foundation/dalek-lite/blob/main/curve25519-dalek/src/backend/serial/u64/field.rs#L225,yes,yes
FieldElement51::sub,curve25519_dalek::backend::serial::u64::field,https://github.com/Beneficial-AI-Foundation/dalek-lite/blob/main/curve25519-dalek/src/backend/serial/u64/field.rs#L330,yes,yes
FieldElement51::mul,curve25519_dalek::backend::serial::u64::field,https://github.com/Beneficial-AI-Foundation/dalek-lite/blob/main/curve25519-dalek/src/backend/serial/u64/field.rs#L469,yes,
FieldElement51::m,curve25519_dalek::backend::serial::u64::field,https://github.com/Beneficial-AI-Foundation/dalek-lite/blob/main/curve25519-dalek/src/backend/serial/u64/field.rs#L155,yes,yes
FieldElement51::neg,curve25519_dalek::backend::serial::u64::field,https://github.com/Beneficial-AI-Foundation/dalek-lite/blob/main/curve25519-dalek/src/backend/serial/u64/field.rs#L630,yes,yes
FieldElement51::conditional_select,curve25519_dalek::backend::serial::u64::field,https://github.com/Beneficial-AI-Foundation/dalek-lite/blob/main/curve25519-dalek/src/backend/serial/u64/field.rs#L647,yes,yes
FieldElement51::from_limbs,curve25519_dalek::backend::serial::u64::field,https://github.com/Beneficial-AI-Foundation/dalek-lite/blob/main/curve25519-dalek/src/backend/serial/u64/field.rs#L752,yes,yes
FieldElement51::negate,curve25519_dalek::backend::serial::u64::field,https://github.com/Beneficial-AI-Foundation/dalek-lite/blob/main/curve25519-dalek/src/backend/serial/u64/field.rs#L775,yes,yes
FieldElement51::reduce,curve25519_dalek::backend::serial::u64::field,https://github.com/Beneficial-AI-Foundation/dalek-lite/blob/main/curve25519-dalek/src/backend/serial/u64/field.rs#L831,yes,yes
FieldElement51::from_bytes,curve25519_dalek::backend::serial::u64::field,https://github.com/Beneficial-AI-Foundation/dalek-lite/blob/main/curve25519-dalek/src/backend/serial/u64/field.rs#L893,yes,yes
FieldElement51::load8_at,curve25519_dalek::backend::serial::u64::field,https://github.com/Beneficial-AI-Foundation/dalek-lite/blob/main/curve25519-dalek/src/backend/serial/u64/field.rs#L136,yes,yes
FieldElement51::as_bytes,curve25519_dalek::backend::serial::u64::field,https://github.com/Beneficial-AI-Foundation/dalek-lite/blob/main/curve25519-dalek/src/backend/serial/u64/field.rs#L973,yes,yes
FieldElement51::pow2k,curve25519_dalek::backend::serial::u64::field,https://github.com/Beneficial-AI-Foundation/dalek-lite/blob/main/curve25519-dalek/src/backend/serial/u64/field.rs#L1096,yes,yes
FieldElement51::square,curve25519_dalek::backend::serial::u64::field,https://github.com/Beneficial-AI-Foundation/dalek-lite/blob/main/curve25519-dalek/src/backend/serial/u64/field.rs#L1250,yes,yes
FieldElement51::square2,curve25519_dalek::backend::serial::u64::field,https://github.com/Beneficial-AI-Foundation/dalek-lite/blob/main/curve25519-dalek/src/backend/serial/u64/field.rs#L1269,yes,yes
index,curve25519_dalek::backend::serial::u64::scalar,https://github.com/Beneficial-AI-Foundation/dalek-lite/blob/main/curve25519-dalek/src/backend/serial/u64/scalar.rs#L69,yes,yes
m,curve25519_dalek::backend::serial::u64::scalar,https://github.com/Beneficial-AI-Foundation/dalek-lite/blob/main/curve25519-dalek/src/backend/serial/u64/scalar.rs#L91,yes,yes
Scalar52::from_bytes,curve25519_dalek::backend::serial::u64::scalar,https://github.com/Beneficial-AI-Foundation/dalek-lite/blob/main/curve25519-dalek/src/backend/serial/u64/scalar.rs#L111,yes,
Scalar52::from_bytes_wide,curve25519_dalek::backend::serial::u64::scalar,https://github.com/Beneficial-AI-Foundation/dalek-lite/blob/main/curve25519-dalek/src/backend/serial/u64/scalar.rs#L160,yes,
Scalar52::as_bytes,curve25519_dalek::backend::serial::u64::scalar,https://github.com/Beneficial-AI-Foundation/dalek-lite/blob/main/curve25519-dalek/src/backend/serial/u64/scalar.rs#L201,yes,yes
Scalar52::add,curve25519_dalek::backend::serial::u64::scalar,https://github.com/Beneficial-AI-Foundation/dalek-lite/blob/main/curve25519-dalek/src/backend/serial/u64/scalar.rs#L252,yes,yes
Scalar52::sub,curve25519_dalek::backend::serial::u64::scalar,https://github.com/Beneficial-AI-Foundation/dalek-lite/blob/main/curve25519-dalek/src/backend/serial/u64/scalar.rs#L441,yes,yes
Scalar52::mul_internal,curve25519_dalek::backend::serial::u64::scalar,https://github.com/Beneficial-AI-Foundation/dalek-lite/blob/main/curve25519-dalek/src/backend/serial/u64/scalar.rs#L598,yes,yes
Scalar52::square_internal,curve25519_dalek::backend::serial::u64::scalar,https://github.com/Beneficial-AI-Foundation/dalek-lite/blob/main/curve25519-dalek/src/backend/serial/u64/scalar.rs#L659,yes,yes
Scalar52::montgomery_reduce,curve25519_dalek::backend::serial::u64::scalar,https://github.com/Beneficial-AI-Foundation/dalek-lite/blob/main/curve25519-dalek/src/backend/serial/u64/scalar.rs#L692,yes,
Scalar52::part1,curve25519_dalek::backend::serial::u64::scalar,https://github.com/Beneficial-AI-Foundation/dalek-lite/blob/main/curve25519-dalek/src/backend/serial/u64/scalar.rs#L747,yes,
Scalar52::part2,curve25519_dalek::backend::serial::u64::scalar,https://github.com/Beneficial-AI-Foundation/dalek-lite/blob/main/curve25519-dalek/src/backend/serial/u64/scalar.rs#L785,yes,
Scalar52::mul,curve25519_dalek::backend::serial::u64::scalar,https://github.com/Beneficial-AI-Foundation/dalek-lite/blob/main/curve25519-dalek/src/backend/serial/u64/scalar.rs#L804,yes,
Scalar52::montgomery_mul,curve25519_dalek::backend::serial::u64::scalar,https://github.com/Beneficial-AI-Foundation/dalek-lite/blob/main/curve25519-dalek/src/backend/serial/u64/scalar.rs#L876,yes,yes
Scalar52::montgomery_square,curve25519_dalek::backend::serial::u64::scalar,https://github.com/Beneficial-AI-Foundation/dalek-lite/blob/main/curve25519-dalek/src/backend/serial/u64/scalar.rs#L890,yes,yes
Scalar52::as_montgomery,curve25519_dalek::backend::serial::u64::scalar,https://github.com/Beneficial-AI-Foundation/dalek-lite/blob/main/curve25519-dalek/src/backend/serial/u64/scalar.rs#L903,yes,
Scalar52::from_montgomery,curve25519_dalek::backend::serial::u64::scalar,https://github.com/Beneficial-AI-Foundation/dalek-lite/blob/main/curve25519-dalek/src/backend/serial/u64/scalar.rs#L923,yes,yes
CompressedEdwardsY::as_bytes,curve25519_dalek::edwards,https://github.com/Beneficial-AI-Foundation/dalek-lite/blob/main/curve25519-dalek/src/edwards.rs#L205,yes,yes
CompressedEdwardsY::decompress,curve25519_dalek::edwards,https://github.com/Beneficial-AI-Foundation/dalek-lite/blob/main/curve25519-dalek/src/edwards.rs#L224,yes,
step_1,curve25519_dalek::edwards,https://github.com/Beneficial-AI-Foundation/dalek-lite/blob/main/curve25519-dalek/src/edwards.rs#L273,yes,
step_2,curve25519_dalek::edwards,https://github.com/Beneficial-AI-Foundation/dalek-lite/blob/main/curve25519-dalek/src/edwards.rs#L337,yes,
CompressedEdwardsY::identity,curve25519_dalek::edwards,https://github.com/Beneficial-AI-Foundation/dalek-lite/blob/main/curve25519-dalek/src/edwards.rs#L554,yes,
EdwardsPoint::conditional_select,curve25519_dalek::edwards,https://github.com/Beneficial-AI-Foundation/dalek-lite/blob/main/curve25519-dalek/src/edwards.rs#L768,yes,
CompressedEdwardsY::ct_eq,curve25519_dalek::edwards,https://github.com/Beneficial-AI-Foundation/dalek-lite/blob/main/curve25519-dalek/src/edwards.rs#L181,yes,yes
EdwardsPoint::as_projective_niels,curve25519_dalek::edwards,https://github.com/Beneficial-AI-Foundation/dalek-lite/blob/main/curve25519-dalek/src/edwards.rs#L882,yes,
EdwardsPoint::as_projective,curve25519_dalek::edwards,https://github.com/Beneficial-AI-Foundation/dalek-lite/blob/main/curve25519-dalek/src/edwards.rs#L914,yes,yes
EdwardsPoint::as_affine_niels,curve25519_dalek::edwards,https://github.com/Beneficial-AI-Foundation/dalek-lite/blob/main/curve25519-dalek/src/edwards.rs#L933,yes,
EdwardsPoint::to_montgomery,curve25519_dalek::edwards,https://github.com/Beneficial-AI-Foundation/dalek-lite/blob/main/curve25519-dalek/src/edwards.rs#L984,yes,
EdwardsPoint::compress,curve25519_dalek::edwards,https://github.com/Beneficial-AI-Foundation/dalek-lite/blob/main/curve25519-dalek/src/edwards.rs#L1001,yes,
EdwardsPoint::double,curve25519_dalek::edwards,https://github.com/Beneficial-AI-Foundation/dalek-lite/blob/main/curve25519-dalek/src/edwards.rs#L1059,yes,
EdwardsPoint::add,curve25519_dalek::edwards,https://github.com/Beneficial-AI-Foundation/dalek-lite/blob/main/curve25519-dalek/src/edwards.rs#L1140,yes,
EdwardsPoint::add_assign,curve25519_dalek::edwards,https://github.com/Beneficial-AI-Foundation/dalek-lite/blob/main/curve25519-dalek/src/edwards.rs#L1201,yes,
EdwardsPoint::sub,curve25519_dalek::edwards,https://github.com/Beneficial-AI-Foundation/dalek-lite/blob/main/curve25519-dalek/src/edwards.rs#L1258,yes,
EdwardsPoint::sub_assign,curve25519_dalek::edwards,https://github.com/Beneficial-AI-Foundation/dalek-lite/blob/main/curve25519-dalek/src/edwards.rs#L1316,yes,
EdwardsPoint::neg,curve25519_dalek::edwards,https://github.com/Beneficial-AI-Foundation/dalek-lite/blob/main/curve25519-dalek/src/edwards.rs#L1367,,
EdwardsPoint::mul_assign,curve25519_dalek::edwards,https://github.com/Beneficial-AI-Foundation/dalek-lite/blob/main/curve25519-dalek/src/edwards.rs#L1390,,
EdwardsPoint::mul,curve25519_dalek::edwards,https://github.com/Beneficial-AI-Foundation/dalek-lite/blob/main/curve25519-dalek/src/edwards.rs#L1413,ext,
EdwardsPoint::mul_base,curve25519_dalek::edwards,https://github.com/Beneficial-AI-Foundation/dalek-lite/blob/main/curve25519-dalek/src/edwards.rs#L1437,ext,
EdwardsPoint::mul_base_clamped,curve25519_dalek::edwards,https://github.com/Beneficial-AI-Foundation/dalek-lite/blob/main/curve25519-dalek/src/edwards.rs#L1460,,
EdwardsPoint::multiscalar_mul,curve25519_dalek::edwards,https://github.com/Beneficial-AI-Foundation/dalek-lite/blob/main/curve25519-dalek/src/edwards.rs#L1479,,
EdwardsPoint::optional_multiscalar_mul,curve25519_dalek::edwards,https://github.com/Beneficial-AI-Foundation/dalek-lite/blob/main/curve25519-dalek/src/edwards.rs#L1511,,
EdwardsPoint::vartime_double_scalar_mul_basepoint,curve25519_dalek::edwards,https://github.com/Beneficial-AI-Foundation/dalek-lite/blob/main/curve25519-dalek/src/edwards.rs#L1581,,
EdwardsPoint::create,curve25519_dalek::edwards,https://github.com/Beneficial-AI-Foundation/dalek-lite/blob/main/curve25519-dalek/src/edwards.rs#L1660,ext,
EdwardsPoint::basepoint,curve25519_dalek::edwards,https://github.com/Beneficial-AI-Foundation/dalek-lite/blob/main/curve25519-dalek/src/edwards.rs#L1673,,
EdwardsPoint::mul_by_pow_2,curve25519_dalek::edwards,https://github.com/Beneficial-AI-Foundation/dalek-lite/blob/main/curve25519-dalek/src/edwards.rs#L1811,,
EdwardsPoint::is_torsion_free,curve25519_dalek::edwards,https://github.com/Beneficial-AI-Foundation/dalek-lite/blob/main/curve25519-dalek/src/edwards.rs#L1876,,
CompressedEdwardsY::fmt,curve25519_dalek::edwards,https://github.com/Beneficial-AI-Foundation/dalek-lite/blob/main/curve25519-dalek/src/edwards.rs#L198,ext,
FieldElement::eq,curve25519_dalek::field,https://github.com/Beneficial-AI-Foundation/dalek-lite/blob/main/curve25519-dalek/src/field.rs#L102,yes,yes
FieldElement::ct_eq,curve25519_dalek::field,https://github.com/Beneficial-AI-Foundation/dalek-lite/blob/main/curve25519-dalek/src/field.rs#L142,yes,yes
FieldElement::is_negative,curve25519_dalek::field,https://github.com/Beneficial-AI-Foundation/dalek-lite/blob/main/curve25519-dalek/src/field.rs#L217,yes,yes
FieldElement::is_zero,curve25519_dalek::field,https://github.com/Beneficial-AI-Foundation/dalek-lite/blob/main/curve25519-dalek/src/field.rs#L243,yes,yes
FieldElement::pow22501,curve25519_dalek::field,https://github.com/Beneficial-AI-Foundation/dalek-lite/blob/main/curve25519-dalek/src/field.rs#L289,yes,yes
FieldElement::batch_invert,curve25519_dalek::field,https://github.com/Beneficial-AI-Foundation/dalek-lite/blob/main/curve25519-dalek/src/field.rs#L522,yes,
FieldElement::invert,curve25519_dalek::field,https://github.com/Beneficial-AI-Foundation/dalek-lite/blob/main/curve25519-dalek/src/field.rs#L672,yes,yes
FieldElement::pow_p58,curve25519_dalek::field,https://github.com/Beneficial-AI-Foundation/dalek-lite/blob/main/curve25519-dalek/src/field.rs#L708,yes,yes
FieldElement::sqrt_ratio_i,curve25519_dalek::field,https://github.com/Beneficial-AI-Foundation/dalek-lite/blob/main/curve25519-dalek/src/field.rs#L791,yes,
FieldElement::invsqrt,curve25519_dalek::field,https://github.com/Beneficial-AI-Foundation/dalek-lite/blob/main/curve25519-dalek/src/field.rs#L897,yes,
JacobiPoint::elligator_inv,curve25519_dalek::lizard::jacobi_quartic,https://github.com/Beneficial-AI-Foundation/dalek-lite/blob/main/curve25519-dalek/src/lizard/jacobi_quartic.rs#L29,,
JacobiPoint::dual,curve25519_dalek::lizard::jacobi_quartic,https://github.com/Beneficial-AI-Foundation/dalek-lite/blob/main/curve25519-dalek/src/lizard/jacobi_quartic.rs#L65,,
RistrettoPoint::from_uniform_bytes_single_elligator,curve25519_dalek::lizard::lizard_ristretto,https://github.com/Beneficial-AI-Foundation/dalek-lite/blob/main/curve25519-dalek/src/lizard/lizard_ristretto.rs#L25,,
RistrettoPoint::lizard_encode,curve25519_dalek::lizard::lizard_ristretto,https://github.com/Beneficial-AI-Foundation/dalek-lite/blob/main/curve25519-dalek/src/lizard/lizard_ristretto.rs#L30,,
RistrettoPoint::lizard_decode,curve25519_dalek::lizard::lizard_ristretto,https://github.com/Beneficial-AI-Foundation/dalek-lite/blob/main/curve25519-dalek/src/lizard/lizard_ristretto.rs#L46,,
RistrettoPoint::decode_253_bits,curve25519_dalek::lizard::lizard_ristretto,https://github.com/Beneficial-AI-Foundation/dalek-lite/blob/main/curve25519-dalek/src/lizard/lizard_ristretto.rs#L86,,
RistrettoPoint::elligator_ristretto_flavor_inverse,curve25519_dalek::lizard::lizard_ristretto,https://github.com/Beneficial-AI-Foundation/dalek-lite/blob/main/curve25519-dalek/src/lizard/lizard_ristretto.rs#L111,,
RistrettoPoint::to_jacobi_quartic_ristretto,curve25519_dalek::lizard::lizard_ristretto,https://github.com/Beneficial-AI-Foundation/dalek-lite/blob/main/curve25519-dalek/src/lizard/lizard_ristretto.rs#L158,,
field_element,curve25519_dalek::lizard::u64_constants,https://github.com/Beneficial-AI-Foundation/dalek-lite/blob/main/curve25519-dalek/src/lizard/u64_constants.rs#L3,,
add,curve25519_dalek::macros,https://github.com/Beneficial-AI-Foundation/dalek-lite/blob/main/curve25519-dalek/src/macros.rs#L20,,
add_assign,curve25519_dalek::macros,https://github.com/Beneficial-AI-Foundation/dalek-lite/blob/main/curve25519-dalek/src/macros.rs#L45,,
sub,curve25519_dalek::macros,https://github.com/Beneficial-AI-Foundation/dalek-lite/blob/main/curve25519-dalek/src/macros.rs#L57,,
sub_assign,curve25519_dalek::macros,https://github.com/Beneficial-AI-Foundation/dalek-lite/blob/main/curve25519-dalek/src/macros.rs#L82,,
mul,curve25519_dalek::macros,https://github.com/Beneficial-AI-Foundation/dalek-lite/blob/main/curve25519-dalek/src/macros.rs#L94,,
mul_assign,curve25519_dalek::macros,https://github.com/Beneficial-AI-Foundation/dalek-lite/blob/main/curve25519-dalek/src/macros.rs#L148,,
MontgomeryPoint::ct_eq,curve25519_dalek::montgomery,https://github.com/Beneficial-AI-Foundation/dalek-lite/blob/main/curve25519-dalek/src/montgomery.rs#L106,yes,
MontgomeryPoint::eq,curve25519_dalek::montgomery,https://github.com/Beneficial-AI-Foundation/dalek-lite/blob/main/curve25519-dalek/src/montgomery.rs#L143,yes,yes
MontgomeryPoint::hash,curve25519_dalek::montgomery,https://github.com/Beneficial-AI-Foundation/dalek-lite/blob/main/curve25519-dalek/src/montgomery.rs#L175,yes,
MontgomeryPoint::zeroize,curve25519_dalek::montgomery,https://github.com/Beneficial-AI-Foundation/dalek-lite/blob/main/curve25519-dalek/src/montgomery.rs#L222,yes,
MontgomeryPoint::mul_clamped,curve25519_dalek::montgomery,https://github.com/Beneficial-AI-Foundation/dalek-lite/blob/main/curve25519-dalek/src/montgomery.rs#L247,yes,
MontgomeryPoint::mul_bits_be,curve25519_dalek::montgomery,https://github.com/Beneficial-AI-Foundation/dalek-lite/blob/main/curve25519-dalek/src/montgomery.rs#L338,yes,
MontgomeryPoint::as_bytes,curve25519_dalek::montgomery,https://github.com/Beneficial-AI-Foundation/dalek-lite/blob/main/curve25519-dalek/src/montgomery.rs#L405,yes,yes
MontgomeryPoint::to_edwards,curve25519_dalek::montgomery,https://github.com/Beneficial-AI-Foundation/dalek-lite/blob/main/curve25519-dalek/src/montgomery.rs#L433,yes,
MontgomeryPoint::identity,curve25519_dalek::montgomery,https://github.com/Beneficial-AI-Foundation/dalek-lite/blob/main/curve25519-dalek/src/montgomery.rs#L205,yes,
ProjectivePoint::conditional_select,curve25519_dalek::montgomery,https://github.com/Beneficial-AI-Foundation/dalek-lite/blob/main/curve25519-dalek/src/montgomery.rs#L561,yes,
ProjectivePoint::as_affine,curve25519_dalek::montgomery,https://github.com/Beneficial-AI-Foundation/dalek-lite/blob/main/curve25519-dalek/src/montgomery.rs#L614,yes,
ProjectivePoint::differential_add_and_double,curve25519_dalek::montgomery,https://github.com/Beneficial-AI-Foundation/dalek-lite/blob/main/curve25519-dalek/src/montgomery.rs#L663,yes,
MontgomeryPoint::mul,curve25519_dalek::montgomery,https://github.com/Beneficial-AI-Foundation/dalek-lite/blob/main/curve25519-dalek/src/montgomery.rs#L766,yes,
MontgomeryPoint::mul_assign,curve25519_dalek::montgomery,https://github.com/Beneficial-AI-Foundation/dalek-lite/blob/main/curve25519-dalek/src/montgomery.rs#L809,yes,yes
CompressedRistretto::to_bytes,curve25519_dalek::ristretto,https://github.com/Beneficial-AI-Foundation/dalek-lite/blob/main/curve25519-dalek/src/ristretto.rs#L228,,
CompressedRistretto::as_bytes,curve25519_dalek::ristretto,https://github.com/Beneficial-AI-Foundation/dalek-lite/blob/main/curve25519-dalek/src/ristretto.rs#L233,,
CompressedRistretto::from_slice,curve25519_dalek::ristretto,https://github.com/Beneficial-AI-Foundation/dalek-lite/blob/main/curve25519-dalek/src/ristretto.rs#L243,,
CompressedRistretto::decompress,curve25519_dalek::ristretto,https://github.com/Beneficial-AI-Foundation/dalek-lite/blob/main/curve25519-dalek/src/ristretto.rs#L254,,
step_1,curve25519_dalek::ristretto,https://github.com/Beneficial-AI-Foundation/dalek-lite/blob/main/curve25519-dalek/src/ristretto.rs#L274,,
step_2,curve25519_dalek::ristretto,https://github.com/Beneficial-AI-Foundation/dalek-lite/blob/main/curve25519-dalek/src/ristretto.rs#L294,,
CompressedRistretto::identity,curve25519_dalek::ristretto,https://github.com/Beneficial-AI-Foundation/dalek-lite/blob/main/curve25519-dalek/src/ristretto.rs#L336,,
RistrettoPoint::serialize,curve25519_dalek::ristretto,https://github.com/Beneficial-AI-Foundation/dalek-lite/blob/main/curve25519-dalek/src/ristretto.rs#L370,,
CompressedRistretto::deserialize,curve25519_dalek::ristretto,https://github.com/Beneficial-AI-Foundation/dalek-lite/blob/main/curve25519-dalek/src/ristretto.rs#L400,,
CompressedRistretto::expecting,curve25519_dalek::ristretto,https://github.com/Beneficial-AI-Foundation/dalek-lite/blob/main/curve25519-dalek/src/ristretto.rs#L409,,
RistrettoPoint::compress,curve25519_dalek::ristretto,https://github.com/Beneficial-AI-Foundation/dalek-lite/blob/main/curve25519-dalek/src/ristretto.rs#L488,,
RistrettoPoint::double_and_compress_batch,curve25519_dalek::ristretto,https://github.com/Beneficial-AI-Foundation/dalek-lite/blob/main/curve25519-dalek/src/ristretto.rs#L552,,
BatchCompressState::efgh,curve25519_dalek::ristretto,https://github.com/Beneficial-AI-Foundation/dalek-lite/blob/main/curve25519-dalek/src/ristretto.rs#L567,,
BatchCompressState::from,curve25519_dalek::ristretto,https://github.com/Beneficial-AI-Foundation/dalek-lite/blob/main/curve25519-dalek/src/ristretto.rs#L574,,
BatchCompressState::coset4,curve25519_dalek::ristretto,https://github.com/Beneficial-AI-Foundation/dalek-lite/blob/main/curve25519-dalek/src/ristretto.rs#L638,,
BatchCompressState::elligator_ristretto_flavor,curve25519_dalek::ristretto,https://github.com/Beneficial-AI-Foundation/dalek-lite/blob/main/curve25519-dalek/src/ristretto.rs#L655,,
BatchCompressState::from_uniform_bytes,curve25519_dalek::ristretto,https://github.com/Beneficial-AI-Foundation/dalek-lite/blob/main/curve25519-dalek/src/ristretto.rs#L786,,
CompressedRistretto::default,curve25519_dalek::ristretto,https://github.com/Beneficial-AI-Foundation/dalek-lite/blob/main/curve25519-dalek/src/ristretto.rs#L342,,
RistrettoPoint::eq,curve25519_dalek::ristretto,https://github.com/Beneficial-AI-Foundation/dalek-lite/blob/main/curve25519-dalek/src/ristretto.rs#L822,,
CompressedRistretto::ct_eq,curve25519_dalek::ristretto,https://github.com/Beneficial-AI-Foundation/dalek-lite/blob/main/curve25519-dalek/src/ristretto.rs#L221,,
RistrettoPoint::add,curve25519_dalek::ristretto,https://github.com/Beneficial-AI-Foundation/dalek-lite/blob/main/curve25519-dalek/src/ristretto.rs#L853,,
RistrettoPoint::add_assign,curve25519_dalek::ristretto,https://github.com/Beneficial-AI-Foundation/dalek-lite/blob/main/curve25519-dalek/src/ristretto.rs#L865,,
RistrettoPoint::sub,curve25519_dalek::ristretto,https://github.com/Beneficial-AI-Foundation/dalek-lite/blob/main/curve25519-dalek/src/ristretto.rs#L875,,
RistrettoPoint::sub_assign,curve25519_dalek::ristretto,https://github.com/Beneficial-AI-Foundation/dalek-lite/blob/main/curve25519-dalek/src/ristretto.rs#L887,,
RistrettoPoint::sum,curve25519_dalek::ristretto,https://github.com/Beneficial-AI-Foundation/dalek-lite/blob/main/curve25519-dalek/src/ristretto.rs#L898,,
RistrettoPoint::neg,curve25519_dalek::ristretto,https://github.com/Beneficial-AI-Foundation/dalek-lite/blob/main/curve25519-dalek/src/ristretto.rs#L909,,
RistrettoPoint::mul_assign,curve25519_dalek::ristretto,https://github.com/Beneficial-AI-Foundation/dalek-lite/blob/main/curve25519-dalek/src/ristretto.rs#L923,,
RistrettoPoint::mul,curve25519_dalek::ristretto,https://github.com/Beneficial-AI-Foundation/dalek-lite/blob/main/curve25519-dalek/src/ristretto.rs#L932,,
RistrettoPoint::mul_base,curve25519_dalek::ristretto,https://github.com/Beneficial-AI-Foundation/dalek-lite/blob/main/curve25519-dalek/src/ristretto.rs#L951,,
RistrettoPoint::multiscalar_mul,curve25519_dalek::ristretto,https://github.com/Beneficial-AI-Foundation/dalek-lite/blob/main/curve25519-dalek/src/ristretto.rs#L980,,
RistrettoPoint::optional_multiscalar_mul,curve25519_dalek::ristretto,https://github.com/Beneficial-AI-Foundation/dalek-lite/blob/main/curve25519-dalek/src/ristretto.rs#L996,,
RistrettoPoint::conditional_select,curve25519_dalek::ristretto,https://github.com/Beneficial-AI-Foundation/dalek-lite/blob/main/curve25519-dalek/src/ristretto.rs#L1143,,
CompressedRistretto::fmt,curve25519_dalek::ristretto,https://github.com/Beneficial-AI-Foundation/dalek-lite/blob/main/curve25519-dalek/src/ristretto.rs#L1157,,
Scalar::from_bytes_mod_order,curve25519_dalek::scalar,https://github.com/Beneficial-AI-Foundation/dalek-lite/blob/main/curve25519-dalek/src/scalar.rs#L244,yes,yes
Scalar::from_bytes_mod_order_wide,curve25519_dalek::scalar,https://github.com/Beneficial-AI-Foundation/dalek-lite/blob/main/curve25519-dalek/src/scalar.rs#L267,yes,
Scalar::from_canonical_bytes,curve25519_dalek::scalar,https://github.com/Beneficial-AI-Foundation/dalek-lite/blob/main/curve25519-dalek/src/scalar.rs#L291,yes,
Scalar::eq,curve25519_dalek::scalar,https://github.com/Beneficial-AI-Foundation/dalek-lite/blob/main/curve25519-dalek/src/scalar.rs#L367,yes,yes
Scalar::ct_eq,curve25519_dalek::scalar,https://github.com/Beneficial-AI-Foundation/dalek-lite/blob/main/curve25519-dalek/src/scalar.rs#L388,yes,yes
Scalar::index,curve25519_dalek::scalar,https://github.com/Beneficial-AI-Foundation/dalek-lite/blob/main/curve25519-dalek/src/scalar.rs#L406,yes,yes
Scalar::mul_assign,curve25519_dalek::scalar,https://github.com/Beneficial-AI-Foundation/dalek-lite/blob/main/curve25519-dalek/src/scalar.rs#L426,yes,yes
Scalar::mul,curve25519_dalek::scalar,https://github.com/Beneficial-AI-Foundation/dalek-lite/blob/main/curve25519-dalek/src/scalar.rs#L505,yes,yes
Scalar::add_assign,curve25519_dalek::scalar,https://github.com/Beneficial-AI-Foundation/dalek-lite/blob/main/curve25519-dalek/src/scalar.rs#L646,yes,yes
Scalar::add,curve25519_dalek::scalar,https://github.com/Beneficial-AI-Foundation/dalek-lite/blob/main/curve25519-dalek/src/scalar.rs#L581,yes,
Scalar::sub,curve25519_dalek::scalar,https://github.com/Beneficial-AI-Foundation/dalek-lite/blob/main/curve25519-dalek/src/scalar.rs#L681,yes,
Scalar::neg,curve25519_dalek::scalar,https://github.com/Beneficial-AI-Foundation/dalek-lite/blob/main/curve25519-dalek/src/scalar.rs#L781,yes,
Scalar::serialize,curve25519_dalek::scalar,https://github.com/Beneficial-AI-Foundation/dalek-lite/blob/main/curve25519-dalek/src/scalar.rs#L1741,ext,
Scalar::deserialize,curve25519_dalek::scalar,https://github.com/Beneficial-AI-Foundation/dalek-lite/blob/main/curve25519-dalek/src/scalar.rs#L1755,ext,
Scalar::expecting,curve25519_dalek::scalar,https://github.com/Beneficial-AI-Foundation/dalek-lite/blob/main/curve25519-dalek/src/scalar.rs#L1711,ext,
Scalar::sum,curve25519_dalek::scalar,https://github.com/Beneficial-AI-Foundation/dalek-lite/blob/main/curve25519-dalek/src/scalar.rs#L912,ext,
Scalar::default,curve25519_dalek::scalar,https://github.com/Beneficial-AI-Foundation/dalek-lite/blob/main/curve25519-dalek/src/scalar.rs#L934,yes,
Scalar::from,curve25519_dalek::scalar,https://github.com/Beneficial-AI-Foundation/dalek-lite/blob/main/curve25519-dalek/src/scalar.rs#L946,yes,
Scalar::hash_from_bytes,curve25519_dalek::scalar,https://github.com/Beneficial-AI-Foundation/dalek-lite/blob/main/curve25519-dalek/src/scalar.rs#L1247,ext,
Scalar::from_hash,curve25519_dalek::scalar,https://github.com/Beneficial-AI-Foundation/dalek-lite/blob/main/curve25519-dalek/src/scalar.rs#L1323,ext,
Scalar::to_bytes,curve25519_dalek::scalar,https://github.com/Beneficial-AI-Foundation/dalek-lite/blob/main/curve25519-dalek/src/scalar.rs#L1371,yes,yes
Scalar::as_bytes,curve25519_dalek::scalar,https://github.com/Beneficial-AI-Foundation/dalek-lite/blob/main/curve25519-dalek/src/scalar.rs#L1390,yes,yes
Scalar::invert,curve25519_dalek::scalar,https://github.com/Beneficial-AI-Foundation/dalek-lite/blob/main/curve25519-dalek/src/scalar.rs#L1438,yes,
Scalar::bits_le,curve25519_dalek::scalar,https://github.com/Beneficial-AI-Foundation/dalek-lite/blob/main/curve25519-dalek/src/scalar.rs#L1832,yes,
non_adjacent_form,curve25519_dalek::scalar,https://github.com/Beneficial-AI-Foundation/dalek-lite/blob/main/curve25519-dalek/src/scalar.rs#L1952,yes,
bot_half,curve25519_dalek::scalar,https://github.com/Beneficial-AI-Foundation/dalek-lite/blob/main/curve25519-dalek/src/scalar.rs#L1771,yes,yes
top_half,curve25519_dalek::scalar,https://github.com/Beneficial-AI-Foundation/dalek-lite/blob/main/curve25519-dalek/src/scalar.rs#L1791,yes,yes
as_radix_16,curve25519_dalek::scalar,https://github.com/Beneficial-AI-Foundation/dalek-lite/blob/main/curve25519-dalek/src/scalar.rs#L2090,yes,
to_radix_2w_size_hint,curve25519_dalek::scalar,https://github.com/Beneficial-AI-Foundation/dalek-lite/blob/main/curve25519-dalek/src/scalar.rs#L2162,yes,yes
as_radix_2w,curve25519_dalek::scalar,https://github.com/Beneficial-AI-Foundation/dalek-lite/blob/main/curve25519-dalek/src/scalar.rs#L2221,yes,
unpack,curve25519_dalek::scalar,https://github.com/Beneficial-AI-Foundation/dalek-lite/blob/main/curve25519-dalek/src/scalar.rs#L2422,yes,yes
reduce,curve25519_dalek::scalar,https://github.com/Beneficial-AI-Foundation/dalek-lite/blob/main/curve25519-dalek/src/scalar.rs#L2435,yes,yes
is_canonical,curve25519_dalek::scalar,https://github.com/Beneficial-AI-Foundation/dalek-lite/blob/main/curve25519-dalek/src/scalar.rs#L2526,yes,yes
square_multiply,curve25519_dalek::scalar,https://github.com/Beneficial-AI-Foundation/dalek-lite/blob/main/curve25519-dalek/src/scalar.rs#L2548,yes,
UnpackedScalar::pack,curve25519_dalek::scalar,https://github.com/Beneficial-AI-Foundation/dalek-lite/blob/main/curve25519-dalek/src/scalar.rs#L2598,yes,yes
UnpackedScalar::montgomery_invert,curve25519_dalek::scalar,https://github.com/Beneficial-AI-Foundation/dalek-lite/blob/main/curve25519-dalek/src/scalar.rs#L2682,yes,
read_le_u64_into,curve25519_dalek::scalar,https://github.com/Beneficial-AI-Foundation/dalek-lite/blob/main/curve25519-dalek/src/scalar.rs#L2928,yes,
clamp_integer,curve25519_dalek::scalar,https://github.com/Beneficial-AI-Foundation/dalek-lite/blob/main/curve25519-dalek/src/scalar.rs#L3008,yes,
identity,curve25519_dalek::traits,https://github.com/Beneficial-AI-Foundation/dalek-lite/blob/main/curve25519-dalek/src/traits.rs#L27,,
is_identity,curve25519_dalek::traits,https://github.com/Beneficial-AI-Foundation/dalek-lite/blob/main/curve25519-dalek/src/traits.rs#L33,,
create,curve25519_dalek::traits,https://github.com/Beneficial-AI-Foundation/dalek-lite/blob/main/curve25519-dalek/src/traits.rs#L54,,
basepoint,curve25519_dalek::traits,https://github.com/Beneficial-AI-Foundation/dalek-lite/blob/main/curve25519-dalek/src/traits.rs#L57,,
mul_base,curve25519_dalek::traits,https://github.com/Beneficial-AI-Foundation/dalek-lite/blob/main/curve25519-dalek/src/traits.rs#L60,,
multiscalar_mul,curve25519_dalek::traits,https://github.com/Beneficial-AI-Foundation/dalek-lite/blob/main/curve25519-dalek/src/traits.rs#L126,,
optional_multiscalar_mul,curve25519_dalek::traits,https://github.com/Beneficial-AI-Foundation/dalek-lite/blob/main/curve25519-dalek/src/traits.rs#L194,,
vartime_multiscalar_mul,curve25519_dalek::traits,https://github.com/Beneficial-AI-Foundation/dalek-lite/blob/main/curve25519-dalek/src/traits.rs#L247,,
new,curve25519_dalek::traits,https://github.com/Beneficial-AI-Foundation/dalek-lite/blob/main/curve25519-dalek/src/traits.rs#L295,,
optional_mixed_multiscalar_mul,curve25519_dalek::traits,https://github.com/Beneficial-AI-Foundation/dalek-lite/blob/main/curve25519-dalek/src/traits.rs#L386,,
is_valid,curve25519_dalek::traits,https://github.com/Beneficial-AI-Foundation/dalek-lite/blob/main/curve25519-dalek/src/traits.rs#L412,,
select,curve25519_dalek::window,https://github.com/Beneficial-AI-Foundation/dalek-lite/blob/main/curve25519-dalek/src/window.rs#L138,yes,
default,curve25519_dalek::window,https://github.com/Beneficial-AI-Foundation/dalek-lite/blob/main/curve25519-dalek/src/window.rs#L266,yes,yes
from,curve25519_dalek::window,https://github.com/Beneficial-AI-Foundation/dalek-lite/blob/main/curve25519-dalek/src/window.rs#L332,yes,
